Airport Acronym,City,State,Time Zone,Hrs. from GMT,Java Zone ID,DST,,
A07,Selawik,AK,,-9,America/Anchorage,YES,,
A29,Kiluda Bay,AK,,-9,America/Anchorage,YES,,
A36,Deep Bay,AK,,-9,America/Anchorage,YES,,
A37,Kako,AK,,-9,America/Anchorage,YES,,
A40,Cape Simpson,AK,,-9,America/Anchorage,YES,,
ABE,Allentown,PA,EST,-5,America/New_York,YES,,
ABI,Abilene,TX,CST,-6,America/Chicago,YES,,
ABL,Ambler,AK,,-9,America/Anchorage,YES,,
ABQ,Albuquerque,NM,MST,-7,America/Denver,YES,,
ABR,Aberdeen,SD,CST,-6,America/Chicago,YES,,
ABY,Albany,GA,EST,-5,America/New_York,YES,,
ACK,Nantucket,MA,EST,-5,America/New_York,YES,,
ACT,Waco,TX,CST,-6,America/Chicago,YES,,
ACV,Arcata,CA,PST,-8,America/Los_Angeles,YES,,
ACY,Atlantic City,NJ,EST,-5,America/New_York,YES,,
ADK,Adak Island,AK,,-10,Pacific/Honolulu,NO,America/Adak,YES
ADM,Ardmore,OK,CST,-6,America/Chicago,YES,,
ADQ,Kodiak,AK,,-9,America/Anchorage,YES,,
ADS,Dallas,TX,CST,-6,America/Chicago,YES,,
ADW,Camp Springs,MD,EST,-5,America/New_York,YES,,
AET,Allakaket,AK,,-9,America/Anchorage,YES,,
AEX,Alexandria,LA,CST,-6,America/Chicago,YES,,
AFW,Fort Worth,TX,CST,-6,America/Chicago,YES,,
AGN,Angoon,AK,,-9,America/Anchorage,YES,,
AGS,Augusta,GA,EST,-5,America/New_York,YES,,
AHN,Athens,GA,EST,-5,America/New_York,YES,,
AIA,Alliance,NE,MST,-7,America/Denver,YES,,
AID,Anderson,IN,EST,-5,America/New_York,YES,,
AIN,Wainwright,AK,,-9,America/Anchorage,YES,,
AKB,Atka,AK,,-10,Pacific/Honolulu,NO,America/Adak,YES
AKI,Akiak,AK,,-9,America/Anchorage,YES,,
AKK,Akhiok,AK,,-9,America/Anchorage,YES,,
AKN,King Salmon,AK,,-9,America/Anchorage,YES,,
AKP,Anaktuvuk,AK,,-9,America/Anchorage,YES,,
ALB,Albany,NY,EST,-5,America/New_York,YES,,
ALM,Alamogordo,NM,MST,-7,America/Denver,YES,,
ALO,Waterloo,IA,CST,-6,America/Chicago,YES,,
ALS,Alamosa,CO,MST,-7,America/Denver,YES,,
ALW,Walla walla,WA,PST,-8,America/Los_Angeles,YES,,
ALZ,Alitak,AK,,-9,America/Anchorage,YES,,
AMA,Amarillo,TX,CST,-6,America/Chicago,YES,,
AMK,Durango,CO,MST,-7,America/Denver,YES,,
ANB,Anniston,AL,CST,-7,America/Chicago,YES,,
ANC,Anchorage,AK,,-9,America/Anchorage,YES,,
AND,Anderson,SC,EST,-5,America/New_York,YES,,
ANI,Aniak,AK,,-9,America/Anchorage,YES,,
ANV,Anvik,AK,,-9,America/Anchorage,YES,,
AOO,Altoona,PA,EST,-5,America/New_York,YES,,
AOS,Amook,AK,,-9,America/Anchorage,YES,,
APF,Naples,FL,EST,-5,America/New_York,YES,,
APN,Alpena,MI,EST,-5,America/New_York,YES,,
ARA,New Iberia,LA,CST,-6,America/Chicago,YES,,
ARC,Arctic Village,AK,,-9,America/Anchorage,YES,,
ART,Watertown,NY,EST,-5,America/New_York,YES,,
ASE,Aspen,CO,MST,-7,America/Denver,YES,,
AST,Astoria,OR,PST,-8,America/Los_Angeles,YES,,
ATK,Atqasuk,AK,,-9,America/Anchorage,YES,,
ATL,Atlanta,GA,EST,-5,America/New_York,YES,,
ATT,Atmautluak,AK,,-9,America/Anchorage,YES,,
ATW,Appleton,WI,CST,-6,America/Chicago,YES,,
ATY,Watertown,SD,CST,-6,America/Chicago,YES,,
AUG,Augusta,ME,EST,-5,America/New_York,YES,,
AUK,Alakanuk,AK,,-9,America/Anchorage,YES,,
AUS,Austin,TX,CST,-6,America/Chicago,YES,,
AUW,Wausau,WI,CST,-6,America/Chicago,YES,,
AVL,Asheville,NC,EST,-5,America/New_York,YES,,
AVP,Wilkes-Barre,PA,EST,-5,America/New_York,YES,,
AXN,Alexandria,MN,CST,-6,America/Chicago,YES,,
AZA,Messa,AZ,MST,-7,US/Arizona,NO,,
AZO,Kalamazoo,MI,EST,-5,America/New_York,YES,,
BAD,Shreveport,LA,CST,-6,America/Chicago,YES,,
BAF,Westfield,MA,EST,-5,America/New_York,YES,,
BCT,Boca Raton,FL,EST,-5,America/New_York,YES,,
BDL,Hartford,CT,EST,-5,America/New_York,YES,,
BDR,Bridgeport,CT,EST,-5,America/New_York,YES,,
BED,Bedford/Hanscom,MA,EST,-5,America/New_York,YES,,
BET,Bethel,AK,,-9,America/Anchorage,YES,,
BFD,Bradford,PA,EST,-5,America/New_York,YES,,
BFF,Scottsbluff,NE,MST,-7,America/Denver,YES,,
BFI,Seattle,WA,PST,-8,America/Los_Angeles,YES,,
BFL,Bakersfield,CA,PST,-8,America/Los_Angeles,YES,,
BFM,Mobile,AL,CST,-6,America/Chicago,YES,,
BFT,Beaufort,SC,EST,-5,America/New_York,YES,,
BGM,Binghamton,NY,EST,-5,America/New_York,YES,,
BGR,Bangor,ME,EST,-5,America/New_York,YES,,
BHB,Bar Harbor,ME,EST,-5,America/New_York,YES,,
BHM,Birmingham,AL,CST,-6,America/Chicago,YES,,
BID,Block Island,RI,EST,-5,America/New_York,YES,,
BIF,El paso,TX,MST,-7,America/Denver,YES,,
BIG,Big Delta,AK,,-9,America/Anchorage,YES,,
BIH,Bishop,CA,PST,-8,America/Los_Angeles,YES,,
BIL,Billings,MT,MST,-7,America/Denver,YES,,
BIS,Bismarck,ND,CST,-6,America/Chicago,YES,,
BJI,Bemidji,MN,CST,-6,America/Chicago,YES,,
BKC,Buckland,AK,,-9,America/Anchorage,YES,,
BKL,Cleveland,OH,EST,-5,America/New_York,YES,,
BKW,Beckley,WV,EST,-5,America/New_York,YES,,
BLF,Bluefield,WV,EST,-5,America/New_York,YES,,
BLI,Bellingham,WA,PST,-8,America/Los_Angeles,YES,,
BLM,Belmar,NJ,EST,-5,America/New_York,YES,,
BLV,Belleville,IL,CST,-6,America/Chicago,YES,,
BMG,Bloomington,IN,EST,-5,America/New_York,YES,,
BMI,Bloomington-Normal,IL,CST,-6,America/Chicago,YES,,
BNA,Nashville,TN,CST,-6,America/Chicago,YES,,
BOI,Boise,ID,MST,-7,America/Denver,YES,,
BOK,Brookings,OR,PST,-8,America/Los_Angeles,YES,,
BOS,Boston,MA,EST,-5,America/New_York,YES,,
BPT,Beaumont,TX,CST,-6,America/Chicago,YES,,
BQK,Brunswick,GA,EST,-5,America/New_York,YES,,
BQN,Aguadilla,PR,,-4,America/Puerto_Rico,NO,,
BRD,Brainerd,MN,CST,-6,America/Chicago,YES,,
BRL,Burlington,IA,CST,-6,America/Chicago,YES,,
BRO,Brownsville,TX,CST,-6,America/Chicago,YES,,
BRW,Barrow,AK,,-9,America/Anchorage,YES,,
BTI,Barter Island,AK,,-9,America/Anchorage,YES,,
BTL,Battle Creek,MI,EST,-5,America/New_York,YES,,
BTM,Butte,MT,MST,-7,America/Denver,YES,,
BTR,Baton Rouge,LA,CST,-6,America/Chicago,YES,,
BTT,Bettles,AK,,-9,America/Anchorage,YES,,
BTV,Burlington,VT,EST,-5,America/New_York,YES,,
BUF,Buffalo,NY,EST,-5,America/New_York,YES,,
BUR,Burbank,CA,PST,-8,America/Los_Angeles,YES,,
BVD,Beaver Inlet,AK,,-9,America/Anchorage,YES,,
BVU,Beluga,AK,,-9,America/Anchorage,YES,,
BWD,Brownwood,TX,CST,-6,America/Chicago,YES,,
BWG,Bowling Green,KY,CST,-6,America/Chicago,YES,,
BWI,Baltimore,MD,EST,-5,America/New_York,YES,,
BZN,Bozeman,MT,MST,-7,America/Denver,YES,,
CAD,Cadillac,MI,EST,-5,America/New_York,YES,,
CAE,Columbia,SC,EST,-5,America/New_York,YES,,
CAK,Akron/Canton,OH,EST,-5,America/New_York,YES,,
CBE,Cumberland,MD,EST,-5,America/New_York,YES,,
CDB,Cold Bay,AK,,-9,America/Anchorage,YES,,
CDC,Cedar City,UT,MST,-7,America/Denver,YES,,
CDR,Chadron,NE,MST,-7,America/Denver,YES,,
CDV,Cordova,AK,,-9,America/Anchorage,YES,,
CEC,Crescent City,CA,PST,-8,America/Los_Angeles,YES,,
CEF,Springfield,MA,EST,-5,America/New_York,YES,,
CEM,Central,AK,,-9,America/Anchorage,YES,,
CEZ,Cortez,CO,MST,-7,America/Denver,YES,,
CFA,Coffee Point,AK,,-9,America/Anchorage,YES,,
CGA,Craig,AK,,-9,America/Anchorage,YES,,
CGI,Cape Girardeau,MO,CST,-6,America/Chicago,YES,,
CHA,Chattanooga,TN,EST,-5,America/New_York,YES,,
CHO,Charlottesville,VA,EST,-5,America/New_York,YES,,
CHS,Charleston,SC,EST,-5,America/New_York,YES,,
CHU,Chuathbaluk,AK,,-9,America/Anchorage,YES,,
CIC,Chico,CA,PST,-8,America/Los_Angeles,YES,,
CID,Cedar Rapids,IA,CST,-6,America/Chicago,YES,,
CIK,Chalkyitsik,AK,,-9,America/Anchorage,YES,,
CIN,Carroll,IA,EST,-6,America/Chicago,YES,,
CIU,Sault Ste. Marie,MI,EST,-5,America/New_York,YES,,
CKB,Clarksburg,WV,EST,-5,America/New_York,YES,,
CKD,Crooked Creek,AK,,-9,America/Anchorage,YES,,
CKX,Chicken,AK,,-9,America/Anchorage,YES,,
CLD,San Diego,CA,PST,-8,America/Los_Angeles,YES,,
CLE,Cleveland,OH,EST,-5,America/New_York,YES,,
CLL,College Station,TX,CST,-6,America/Chicago,YES,,
CLM,Port Angeles,WA,PST,-8,America/Los_Angeles,YES,,
CLP,Clarks Point,AK,,-9,America/Anchorage,YES,,
CLT,Charlotte,NC,EST,-5,America/New_York,YES,,
CLU,Columbus,IN,EST,-5,America/New_York,YES,,
CMH,Columbus,OH,EST,-5,America/New_York,YES,,
CMI,Champaign,IL,CST,-6,America/Chicago,YES,,
CMX,Hancock,MI,EST,-5,America/New_York,YES,,
CNM,Carlsbad,NM,MST,-7,America/Denver,YES,,
CNY,Moab,UT,MST,-7,America/Denver,YES,,
CO3,Marina,CA,PST,-8,America/Los_Angeles,YES,,
COD,Cody,WY,MST,-7,America/Denver,YES,,
COS,Colorado Springs,CO,MST,-7,America/Denver,YES,,
COU,Columbia,MO,CST,-6,America/Chicago,YES,,
CPR,Casper,WY,MST,-7,America/Denver,YES,,
CRP,Corpus Christi,TX,CST,-6,America/Chicago,YES,,
CRW,Charleston,WV,EST,-5,America/New_York,YES,,
CSG,Columbus,GA,EST,-5,America/New_York,YES,,
CSM,Clinton,OK,CST,-6,America/Chicago,YES,,
CTH,Coatesville,PA,EST,-5,America/New_York,YES,,
CVG,Hebron,KY,EST,-5,America/New_York,YES,,
CVN,Clovis,NM,MST,-7,America/Denver,YES,,
CVO,Albany,OR,PST,-8,America/Los_Angeles,YES,,
CWA,Wausau,WI,CST,-6,America/Chicago,YES,,
CXF,Coldfoot,AK,,-9,America/Anchorage,YES,,
CYF,Chefornak,AK,,-9,America/Anchorage,YES,,
CYM,Chatham,AK,,-9,America/Anchorage,YES,,
CYS,Cheyenne,WY,MST,-7,America/Denver,YES,,
CZF,Cape Romanzof,AK,,-9,America/Anchorage,YES,,
CZN,Chisana,AK,,-9,America/Anchorage,YES,,
DAB,Daytona Beach,FL,EST,-5,America/New_York,YES,,
DAL,Dallas,TX,CST,-6,America/Chicago,YES,,
DAY,Dayton,OH,EST,-5,America/New_York,YES,,
DBQ,Dubuque,IA,CST,-6,America/Chicago,YES,,
DCA,Washington,DC,EST,-5,America/New_York,YES,,
DCU,Decatur,AL,CST,-6,America/Chicago,YES,,
DDC,Dodge City,KS,CST,-6,America/Chicago,YES,,
DEC,Decatur,IL,CST,-6,America/Chicago,YES,,
DEN,Denver,CO,MST,-7,America/Denver,YES,,
DET,Detroit,MI,EST,-5,America/New_York,YES,,
DFW,Dallas,TX,CST,-6,America/Chicago,YES,,
DGB,Danger Bay,AK,,-9,America/Anchorage,YES,,
DHN,Dothan,AL,CST,-6,America/Chicago,YES,,
DIK,Dickinson,ND,MST,-7,America/Denver,YES,,
DJN,Delta Junction,AK,,-9,America/Anchorage,YES,,
DLG,Dillingham,AK,,-9,America/Anchorage,YES,,
DLH,Duluth,MN,CST,-6,America/Chicago,YES,,
DNE,Dallas,TX,CST,-6,America/Chicago,YES,,
DOV,Dover-Cheswold,DE,EST,-5,America/New_York,YES,,
DPA,Chicago,IL,CST,-6,America/Chicago,YES,,
DQH,Douglas,GA,EST,-5,America/New_York,YES,,
DQK,Fort Drum,NY,EST,-5,America/New_York,YES,,
DQN,New Smyrna Beach,FL,EST,-5,America/New_York,YES,,
DQP,Georgetown,KY,EST,-5,America/New_York,YES,,
DQR,Peach Springs,AZ,MST,-7,US/Arizona,NO,,
DRF,Drift River,AK,,-9,America/Anchorage,YES,,
DRG,Deering,AK,,-9,America/Anchorage,YES,,
DRO,Durango,CO,MST,-7,America/Denver,YES,,
DRT,Del Rio,TX,CST,-6,America/Chicago,YES,,
DSM,Des Moines,IA,CST,-6,America/Chicago,YES,,
DTW,Detroit,MI,EST,-5,America/New_York,YES,,
DUJ,Dubois,PA,EST,-5,America/New_York,YES,,
DUT,Dutch Harbor,AK,,-9,America/Anchorage,YES,,
DVL,Devils Lake,ND,CST,-6,America/Chicago,YES,,
DXR,Danbury,CT,EST,-5,America/New_York,YES,,
DYS,Abilene,TX,CST,-6,America/Chicago,YES,,
EAA,Eagle,AK,,-9,America/Anchorage,YES,,
EAR,Kearney,NE,CST,-6,America/Chicago,YES,,
EAT,Wenatchee,WA,PST,-8,America/Los_Angeles,YES,,
EAU,Eau Claire,WI,CST,-6,America/Chicago,YES,,
EDA,Edna Bay,AK,,-9,America/Anchorage,YES,,
EDF,Anchorage,AK,,-9,America/Anchorage,YES,,
EEK,Eek,AK,,-9,America/Anchorage,YES,,
EFD,Houston,TX,CST,-6,America/Chicago,YES,,
EFK,Newport,VT,EST,-5,America/New_York,YES,,
EGE,Vail,CO,MST,-7,America/Denver,YES,,
EGX,Egegik,AK,,-9,America/Anchorage,YES,,
EHM,Cape Newenham,AK,,-9,America/Anchorage,YES,,
EIL,Fairbanks,AK,,-9,America/Anchorage,YES,,
EKA,Eureka,CA,PST,-8,America/Los_Angeles,YES,,
EKO,Elko,NV,PST,-8,America/Los_Angeles,YES,,
ELD,El Dorado,AR,CST,-6,America/Chicago,YES,,
ELI,Elim,AK,,-9,America/Anchorage,YES,,
ELM,Elmira,NY,EST,-5,America/New_York,YES,,
ELP,El Paso,TX,MST,-7,America/Denver,YES,,
ELV,Elfin Cove,AK,,-9,America/Anchorage,YES,,
ELY,Ely,NV,PST,-8,America/Los_Angeles,YES,,
EMK,Emmonak,AK,,-9,America/Anchorage,YES,,
ENA,Kenai,AK,,-9,America/Anchorage,YES,,
ENN,Nenana,AK,,-9,America/Anchorage,YES,,
ENV,Wendover,UT,MST,-7,America/Denver,YES,,
EPH,Ephrata,WA,PST,-8,America/Los_Angeles,YES,,
ERI,Erie,PA,EST,-5,America/New_York,YES,,
ESC,Escanaba,MI,EST,-5,America/New_York,YES,,
ESD,Eastsound,WA,PST,-8,America/Los_Angeles,YES,,
EUG,Eugene,OR,PST,-8,America/Los_Angeles,YES,,
EVV,Evansville,IN,CST,-6,America/Chicago,YES,,
EWB,New Bedford,MA,EST,-5,America/New_York,YES,,
EWN,New Bern,NC,EST,-5,America/New_York,YES,,
EWR,Newark,NJ,EST,-5,America/New_York,YES,,
EXI,Excursion Inlet,AK,,-9,America/Anchorage,YES,,
EYW,Key West,FL,EST,-5,America/New_York,YES,,
FAI,Fairbanks,AK,,-9,America/Anchorage,YES,,
FAR,Fargo,ND,CST,-6,America/Chicago,YES,,
FAT,Fresno,CA,PST,-8,America/Los_Angeles,YES,,
FAY,Fayetteville,NC,EST,-5,America/New_York,YES,,
FCA,Kalispell,MT,MST,-7,America/Denver,YES,,
FDY,Findlay,OH,EST,-5,America/New_York,YES,,
FFO,Dayton,OH,EST,-5,America/New_York,YES,,
FHU,Sierra Vista,AZ,MST,-7,US/Arizona,NO,,
FKL,Franklin,PA,EST,-5,America/New_York,YES,,
FLG,Grand Canyon,AZ,MST,-7,US/Arizona,NO,,
FLL,Fort Lauderdale,FL,EST,-5,America/New_York,YES,,
FLO,Florence,SC,EST,-5,America/New_York,YES,,
FMN,Farmington,NM,MST,-7,America/Denver,YES,,
FNL,Fort Collins/Loveland,CO,MST,-7,America/Denver,YES,,
FNR,Funter Bay,AK,,-9,America/Anchorage,YES,,
FNT,Flint,MI,EST,-5,America/New_York,YES,,
FOD,Fort Dodge,IA,CST,-6,America/Chicago,YES,,
FOE,Topeka,KS,CST,-6,America/Chicago,YES,,
FQW,Fort Glenn,AK,,-9,America/Anchorage,YES,,
FRD,Friday Harbor,WA,PST,-8,America/Los_Angeles,YES,,
FRG,Farmingdale,NY,EST,-5,America/New_York,YES,,
FSD,Sioux Falls,SD,CST,-6,America/Chicago,YES,,
FSM,Fort Smith,AR,CST,-6,America/Chicago,YES,,
FTW,Fort Worth,TX,CST,-6,America/Chicago,YES,,
FTY,Atlanta,GA,EST,-5,America/New_York,YES,,
FVQ,Donlin Creek,AK,,-9,America/Anchorage,YES,,
FWA,Fort Wayne,IN,EST,-5,America/New_York,YES,,
FYU,Fort Yukon,AK,,-9,America/Anchorage,YES,,
FYV,Fayettesville,AR,CST,-6,America/Chicago,YES,,
GAL,Galena,AK,,-9,America/Anchorage,YES,,
GAM,Gambell,AK,,-9,America/Anchorage,YES,,
GBD,Great Bend,KS,CST,-6,America/Chicago,YES,,
GBH,Galbraith Lake,AK,,-9,America/Anchorage,YES,,
GCC,Gillette,WY,MST,-7,America/Denver,YES,,
GCK,Garden City,KS,CST,-6,America/Chicago,YES,,
GCN,Grand Canyon,AZ,MST,-7,US/Arizona,NO,,
GDV,Glendive,MT,MST,-7,America/Denver,YES,,
GEG,Spokane,WA,PST,-8,America/Los_Angeles,YES,,
GFK,Grand Forks,ND,CST,-6,America/Chicago,YES,,
GGG,Longview,TX,CST,-6,America/Chicago,YES,,
GGW,Glasgow,MT,MST,-7,America/Chicago,YES,,
GJT,Grand Junction,CO,MST,-7,America/Denver,YES,,
GKN,Gulkana,AK,,-9,America/Anchorage,YES,,
GLH,Greenville,MS,CST,-6,America/Chicago,YES,,
GLR,Gaylord,MI,EST,-5,America/New_York,YES,,
GLV,Golovin,AK,,-9,America/Anchorage,YES,,
GNU,Goodnews Bay,AK,,-9,America/Anchorage,YES,,
GNV,Gainesville,FL,EST,-5,America/New_York,YES,,
GON,New London,CT,EST,-5,America/New_York,YES,,
GPT,Gulfport,MS,CST,-6,America/Chicago,YES,,
GRB,Green Bay,WI,CST,-6,America/Chicago,YES,,
GRI,Grand Island,NE,CST,-6,America/Chicago,YES,,
GRK,Killeen,TX,CST,-6,America/Chicago,YES,,
GRR,Grand Rapids,MI,EST,-5,America/New_York,YES,,
GSB,Goldsboro,NC,EST,-5,America/New_York,YES,,
GSH,Goshen,IN,EST,-5,America/New_York,YES,,
GSO,Greensboro/High Point,NC,EST,-5,America/New_York,YES,,
GSP,Greenville,SC,EST,-5,America/New_York,YES,,
GST,Gustavus,AK,,-9,America/Anchorage,YES,,
GTF,Great Falls,MT,MST,-7,America/Denver,YES,,
GTR,Columbus,MS,CST,-6,America/Chicago,YES,,
GUC,Gunnison,CO,MST,-7,America/Denver,YES,,
GUM,Guam,GU,,10,Pacific/Guam,NO,,
GUP,Gallup,NM,MST,-7,America/Denver,YES,,
GYR,Goodyear,AZ,MST,-7,US/Arizona,NO,,
GYY,Gary,IN,CST,-6,America/Chicago,YES,,
HAE,Havasupai,AZ,MST,-7,US/Arizona,NO,,
HCR,Holy Cross,AK,,-9,America/Anchorage,YES,,
HDN,Hayden,CO,MST,-7,America/Denver,YES,,
HGR,Hagerstown,MD,EST,-5,America/New_York,YES,,
HGZ,Hogatza,AK,,-9,America/Anchorage,YES,,
HHH,Hilton Head,SC,EST,-5,America/New_York,YES,,
HIB,Hibbing,MN,CST,-6,America/Chicago,YES,,
HIF,Ogden,UT,MST,-7,America/Denver,YES,,
HII,Lake Havasu City,AZ,MST,-7,US/Arizona,NO,,
HIK,Honolulu,HI,,-10,Pacific/Honolulu,NO,,
HKB,Healy Lake,AK,,-9,America/Anchorage,YES,,
HKY,Hickory,NC,EST,-5,America/New_York,YES,,
HLM,Holland,MI,EST,-5,America/New_York,YES,,
HLN,Helena,MT,MST,-7,America/Denver,YES,,
HNH,Hoonah,AK,,-9,America/Anchorage,YES,,
HNL,Honolulu,HI,,-10,Pacific/Honolulu,NO,,
HNM,Hana,HI,,-10,Pacific/Honolulu,NO,,
HNS,Haines,AK,,-9,America/Anchorage,YES,,
HOB,Hobbs,NM,MST,-7,America/Denver,YES,,
HOM,Homer,AK,,-9,America/Anchorage,YES,,
HON,Huron,SD,CST,-6,America/Chicago,YES,,
HOP,Hopkinsville,KY,CST,-6,America/Chicago,YES,,
HOT,Hot Springs,AR,CST,-6,America/Chicago,YES,,
HOU,Houston,TX,CST,-6,America/Chicago,YES,,
HPB,Hooper Bay,AK,,-9,America/Anchorage,YES,,
HPN,Westchester County,NY,EST,-5,America/New_York,YES,,
HRL,Harlingen,TX,CST,-6,America/Chicago,YES,,
HRO,Harrison,AR,CST,-6,America/Chicago,YES,,
HSL,Huslia,AK,,-9,America/Anchorage,YES,,
HSV,Huntsville,AL,CST,-6,America/Chicago,YES,,
HTO,East Hampton,NY,EST,-5,America/New_York,YES,,
HTS,Huntington,WV,EST,-5,America/New_York,YES,,
HUF,Terre Haute,IN,EST,-5,America/New_York,YES,,
HUS,Hughes,AK,,-9,America/Anchorage,YES,,
HVN,New Haven,CT,EST,-5,America/New_York,YES,,
HVR,Havre,MT,MST,-7,America/Denver,YES,,
HYA,Hyannis,MA,EST,-5,America/New_York,YES,,
HYG,Hydaburg,AK,,-9,America/Anchorage,YES,,
HYL,Hollis,AK,,-9,America/Anchorage,YES,,
HYS,Hays,KS,CST,-6,America/Chicago,YES,,
IA1,Shenandoah,IA,CST,-6,America/Chicago,YES,,
IAB,Wichita,KS,CST,-6,America/Chicago,YES,,
IAD,Washington,DC,EST,-5,America/New_York,YES,,
IAG,Niagara Falls,NY,EST,-5,America/New_York,YES,,
IAH,Houston,TX,CST,-6,America/Chicago,YES,,
IAN,Kiana,AK,,-9,America/Anchorage,YES,,
ICT,Wichita,KS,CST,-6,America/Chicago,YES,,
IDA,Idaho Falls,ID,MST,-7,America/Denver,YES,,
IFP,Bullhead City,AZ,MST,-7,US/Arizona,NO,,
IGG,Igiugig,AK,,-9,America/Anchorage,YES,,
IGM,Kingman,AZ,MST,-7,US/Arizona,NO,,
IKO,Nikolski,AK,,-9,America/Anchorage,YES,,
ILG,Wilmington,DE,EST,-5,America/New_York,YES,,
ILI,Iliamna,AK,,-9,America/Anchorage,YES,,
ILM,Wilmington,NC,EST,-5,America/New_York,YES,,
ILN,Wilmington,OH,EST,-5,America/New_York,YES,,
IMT,Iron Mountain,MI,CST,-6,America/Chicago,YES,,
IND,Indianapolis,IN,EST,-5,America/New_York,YES,,
INL,International Falls,MN,CST,-6,America/Chicago,YES,,
INT,Winston-Salem,NC,EST,-5,America/New_York,YES,,
IPL,Imperial,CA,PST,-8,America/Los_Angeles,YES,,
IPT,Williamsport,PA,EST,-5,America/New_York,YES,,
IRC,Circle,AK,,-9,America/Anchorage,YES,,
IRK,Kirksville,MO,CST,-6,America/Chicago,YES,,
ISM,Kissimmee,FL,EST,-5,America/New_York,YES,,
ISN,Williston,ND,CST,-6,America/Chicago,YES,,
ISO,Kinston,NC,EST,-5,America/New_York,YES,,
ISP,Islip,NY,EST,-5,America/New_York,YES,,
ISS,Wiscasset,ME,EST,-5,America/New_York,YES,,
ITH,Ithaca,NY,EST,-5,America/New_York,YES,,
ITO,Hilo,HI,,-10,Pacific/Honolulu,NO,,
IWD,Ironwood,MI,CST,-6,America/Chicago,YES,,
IYK,Inyokern,CA,PST,-8,America/Los_Angeles,YES,,
JAC,Jackson,WY,MST,-7,America/Denver,YES,,
JAN,Jackson,MS,CST,-6,America/Chicago,YES,,
JAX,Jacksonville,FL,EST,-5,America/New_York,YES,,
JBR,Jonesboro,AR,CST,-6,America/Chicago,YES,,
JFK,New York,NY,EST,-5,America/New_York,YES,,
JGC,Grand Canyon,AZ,MST,-7,US/Arizona,NO,,
JHM,Kapalua,HI,,-10,Pacific/Honolulu,NO,,
JHW,Jamestown,NY,EST,-5,America/New_York,YES,,
JLN,Joplin,MO,CST,-6,America/Chicago,YES,,
JMS,Jamestown,ND,CST,-6,America/Chicago,YES,,
JNU,Juneau,AK,,-9,America/Anchorage,YES,,
JQF,Concord,NC,EST,-5,America/New_York,YES,,
JRA,New York,NY,EST,-5,America/New_York,YES,,
JRB,New York,NY,EST,-5,America/New_York,YES,,
JST,Johnstown,PA,EST,-5,America/New_York,YES,,
JVL,Janesville,WI,CST,-6,America/Chicago,YES,,
JZE,Trading Bay,AK,,-9,America/Anchorage,YES,,
JZT,Arlington,TX,CST,-6,America/Chicago,YES,,
KAE,Kake,AK,,-9,America/Anchorage,YES,,
KAL,Kaltag,AK,,-9,America/Anchorage,YES,,
KBC,Birch Creek,AK,,-9,America/Anchorage,YES,,
KCC,Coffman Cove,AK,,-9,America/Anchorage,YES,,
KCG,Chignik,AK,,-9,America/Anchorage,YES,,
KCL,Chignik,AK,,-9,America/Anchorage,YES,,
KCQ,Chignik,AK,,-9,America/Anchorage,YES,,
KEB,English Bay,AK,,-9,America/Anchorage,YES,,
KEK,Ekwok,AK,,-9,America/Anchorage,YES,,
KFP,False Pass,AK,,-9,America/Anchorage,YES,,
KGK,New Koliganek,AK,,-9,America/Anchorage,YES,,
KGX,Grayling,AK,,-9,America/Anchorage,YES,,
KKA,Koyuk,AK,,-9,America/Anchorage,YES,,
KKB,Kitui Bay,AK,,-9,America/Anchorage,YES,,
KKH,Kongiganak,AK,,-9,America/Anchorage,YES,,
KKI,Akiachak,AK,,-9,America/Anchorage,YES,,
KKL,Karluk Lake,AK,,-9,America/Anchorage,YES,,
KLG,Kalskag,AK,,-9,America/Anchorage,YES,,
KLL,Levelock,AK,,-9,America/Anchorage,YES,,
KLN,Larsen Bay,AK,,-9,America/Anchorage,YES,,
KLW,Klawock,AK,,-9,America/Anchorage,YES,,
KMO,Manokotak,AK,,-9,America/Anchorage,YES,,
KMY,Moder Bay,AK,,-9,America/Anchorage,YES,,
KNK,Kakhonak,AK,,-9,America/Anchorage,YES,,
KNW,New Stuyahok,AK,,-9,America/Anchorage,YES,,
KOA,Kona,HI,,-10,Pacific/Honolulu,NO,,
KOT,Kotlik,AK,,-9,America/Anchorage,YES,,
KOY,Olga Bay,AK,,-9,America/Anchorage,YES,,
KOZ,Ouzinkie,AK,,-9,America/Anchorage,YES,,
KPB,Point Baker,AK,,-9,America/Anchorage,YES,,
KPC,Port Clarence,AK,,-9,America/Anchorage,YES,,
KPM,Napamute,AK,,-9,America/Anchorage,YES,,
KPN,Kipnuk,AK,,-9,America/Anchorage,YES,,
KPR,Port Williams,AK,,-9,America/Anchorage,YES,,
KPV,Perryville,AK,,-9,America/Anchorage,YES,,
KPY,Port Bailey,AK,,-9,America/Anchorage,YES,,
KQA,Akutan,AK,,-9,America/Anchorage,YES,,
KSM,Saint Mary's,AK,,-9,America/Anchorage,YES,,
KTB,Thorne Bay,AK,,-9,America/Anchorage,YES,,
KTN,Ketchikan,AK,,-9,America/Anchorage,YES,,
KTS,Teller Mission,AK,,-9,America/Anchorage,YES,,
KUK,Kasigluk,AK,,-9,America/Anchorage,YES,,
KVC,King Cove,AK,,-9,America/Anchorage,YES,,
KVL,Kivalina,AK,,-9,America/Anchorage,YES,,
KWK,Kwigillingok,AK,,-9,America/Anchorage,YES,,
KWN,Quinhagak,AK,,-9,America/Anchorage,YES,,
KWP,West Point,AK,,-9,America/Anchorage,YES,,
KWT,Kwethluk,AK,,-9,America/Anchorage,YES,,
KYK,Karluk,AK,,-9,America/Anchorage,YES,,
KYU,Koyukuk,AK,,-9,America/Anchorage,YES,,
KZB,Zachar Bay,AK,,-9,America/Anchorage,YES,,
LAF,Lafayette,LA,CST,-6,America/Chicago,YES,,
LAL,Lakeland,FL,EST,-5,America/New_York,YES,,
LAN,Lansing,MI,EST,-5,America/New_York,YES,,
LAR,Laramie,WY,MST,-7,America/Denver,YES,,
LAS,Las Vegas,NV,PST,-8,America/Los_Angeles,YES,,
LAW,Lawton,OK,CST,-6,America/Chicago,YES,,
LAX,Los Angeles,CA,PST,-8,America/Los_Angeles,YES,,
LBB,Lubbock,TX,CST,-6,America/Chicago,YES,,
LBE,Latrobe,PA,EST,-5,America/New_York,YES,,
LBF,North Platte,NE,CST,-6,America/Chicago,YES,,
LBL,Liberal,KS,CST,-6,America/Chicago,YES,,
LCH,Lake Charles,LA,CST,-6,America/Chicago,YES,,
LCK,Columbus,OH,EST,-5,America/New_York,YES,,
LEB,Lebanon,NH,EST,-5,America/New_York,YES,,
LEX,Lexington,KY,EST,-5,America/New_York,YES,,
LFI,Hampton,VA,EST,-5,America/New_York,YES,,
LFT,Lafayette,LA,CST,-6,America/Chicago,YES,,
LGA,New York,NY,EST,-5,America/New_York,YES,,
LGB,Long Beach,CA,PST,-8,America/Los_Angeles,YES,,
LGD,La Grande,OR,PST,-8,America/Los_Angeles,YES,,
LIH,Kauai Island,HI,,-10,Pacific/Honolulu,NO,,
LIJ,Long Island,AK,,-9,America/Anchorage,YES,,
LIT,Little Rock,AR,CST,-6,America/Chicago,YES,,
LJN,Lake Jackson,TX,CST,-6,America/Chicago,YES,,
LKE,Seattle,WA,PST,-8,America/Los_Angeles,YES,,
LMA,Lake Minchumina,AK,,-9,America/Anchorage,YES,,
LMT,Klamath Falls,OR,PST,-8,America/Los_Angeles,YES,,
LNK,Lincoln,NE,CST,-6,America/Chicago,YES,,
LNS,Lancaster,PA,EST,-5,America/New_York,YES,,
LNY,Lanai,HI,,-10,Pacific/Honolulu,NO,,
LPS,Lopez Island,WA,PST,-8,America/Los_Angeles,YES,,
LRD,Laredo,TX,CST,-6,America/Chicago,YES,,
LRU,Las Cruces,NM,MST,-7,America/Denver,YES,,
LSE,La Crosse,WI,CST,-6,America/Chicago,YES,,
LSF,Fort Benning,GA,EST,-5,America/New_York,YES,,
LSV,Las Vegas,NV,PST,-8,America/Los_Angeles,YES,,
LTS,Altus,OK,CST,-6,America/Chicago,YES,,
LUK,Cincinnati,OH,EST,-5,America/New_York,YES,,
LUP,Kalaupapa,HI,,-10,Pacific/Honolulu,NO,,
LUR,Cape Lisburne,AK,,-9,America/Anchorage,YES,,
LVD,Lime Village,AK,,-9,America/Anchorage,YES,,
LWB,Lewisburg,WV,EST,-5,America/New_York,YES,,
LWM,Lawrence,MA,EST,-5,America/New_York,YES,,
LWS,Lewiston,ID,PST,-8,America/Los_Angeles,YES,,
LWT,Lewistown,MT,MST,-7,America/Denver,YES,,
LYH,Lynchburg,VA,EST,-5,America/New_York,YES,,
LZU,Lawrenceville,GA,EST,-5,America/New_York,YES,,
MAE,Madera,CA,PST,-8,America/Los_Angeles,YES,,
MAF,Midland/Odessa,TX,CST,-6,America/Chicago,YES,,
MAZ,Mayaguez,PR,,-4,America/Puerto_Rico,NO,,
MBL,Manistee,MI,EST,-5,America/New_York,YES,,
MBS,Saginaw,MI,EST,-5,America/New_York,YES,,
MCC,Sacramento,CA,PST,-8,America/Los_Angeles,YES,,
MCE,Merced,CA,PST,-8,America/Los_Angeles,YES,,
MCF,Tampa,FL,EST,-5,America/New_York,YES,,
MCG,McGrath,AK,,-9,America/Anchorage,YES,,
MCI,Kansas City,MO,CST,-6,America/Chicago,YES,,
MCK,McCook,NE,CST,-6,America/Chicago,YES,,
MCN,Macon,GA,EST,-5,America/New_York,YES,,
MCO,Orlando,FL,EST,-5,America/New_York,YES,,
MCW,Mason City,IA,CST,-6,America/Chicago,YES,,
MDT,Harrisburg,PA,EST,-5,America/New_York,YES,,
MDW,Chicago,IL,CST,-6,America/Chicago,YES,,
MDY,Midway Island,UM,,-11,Pacific/Samoa,NO,,
MEI,Meridian,MS,CST,-6,America/Chicago,YES,,
MEM,Memphis,TN,CST,-6,America/Chicago,YES,,
MEO,Manteo,NC,EST,-5,America/New_York,YES,,
MER,Merced,CA,PST,-8,America/Los_Angeles,YES,,
MFE,McAllen,TX,CST,-6,America/Chicago,YES,,
MFR,Medford,OR,PST,-8,America/Los_Angeles,YES,,
MGM,Montgomery,AL,CST,-6,America/Chicago,YES,,
MGW,Morgantown,WV,EST,-5,America/New_York,YES,,
MHK,Manhattan,KS,CST,-6,America/Chicago,YES,,
MHM,Minchumina,AK,,-9,America/Anchorage,YES,,
MHR,Sacramento,CA,PST,-8,America/Los_Angeles,YES,,
MHT,Manchester,NH,EST,-5,America/New_York,YES,,
MHV,Mojave,CA,PST,-8,America/Los_Angeles,YES,,
MIA,Miami,FL,EST,-5,America/New_York,YES,,
MIE,Muncie,IN,EST,-5,America/New_York,YES,,
MIT,Shafter,CA,PST,-8,America/Los_Angeles,YES,,
MKC,Kansas City,MO,CST,-6,America/Chicago,YES,,
MKE,Milwaukee,WI,CST,-6,America/Chicago,YES,,
MKG,Muskegon,MI,EST,-5,America/New_York,YES,,
MKK,Hoolehua,HI,,-10,Pacific/Honolulu,NO,,
MKL,Jackson,TN,CST,-6,America/Chicago,YES,,
MLB,Melbourne,FL,EST,-5,America/New_York,YES,,
MLI,Moline,IL,CST,-6,America/Chicago,YES,,
MLL,Marshall,AK,,-9,America/Anchorage,YES,,
MLS,Miles City,MT,MST,-7,America/Denver,YES,,
MLU,Monroe,LA,CST,-6,America/Chicago,YES,,
MLY,Manley Hot Springs,AK,,-9,America/Anchorage,YES,,
MMI,Athens,TN,EST,-5,America/New_York,YES,,
MMU,Morristown,NJ,EST,-5,America/New_York,YES,,
MNM,Menominee,MI,MST,-7,America/Denver,YES,,
MNT,Minto,AK,,-9,America/Anchorage,YES,,
MOB,Mobile,AL,CST,-6,America/Chicago,YES,,
MOD,Modesto,CA,PST,-8,America/Los_Angeles,YES,,
MOT,Minot,ND,CST,-6,America/Chicago,YES,,
MOU,Mountain Village,AK,,-9,America/Anchorage,YES,,
MPR,McPherson,KS,CST,-6,America/Chicago,YES,,
MQT,Marquette,MI,EST,-5,America/New_York,YES,,
MQY,Smyrna,TN,CST,-6,America/Chicago,YES,,
MRC,Columbia,TN,CST,-6,America/Chicago,YES,,
MRI,Anchorage,AK,,-9,America/Anchorage,YES,,
MRY,Monterey,CA,PST,-8,America/Los_Angeles,YES,,
MSC,Mesa,AZ,MST,-7,US/Arizona,NO,,
MSL,Muscle Shoals,AL,CST,-6,America/Chicago,YES,,
MSN,Madison,WI,CST,-6,America/Chicago,YES,,
MSO,Missoula,MT,MST,-7,America/Denver,YES,,
MSP,Minneapolis,MN,CST,-6,America/Chicago,YES,,
MSS,Massena,NY,EST,-5,America/New_York,YES,,
MSY,New Orlins,LA,CST,-6,America/Chicago,YES,,
MTC,Mount Clemens,MI,EST,-5,America/New_York,YES,,
MTH,Marathon,FL,EST,-5,America/New_York,YES,,
MTJ,Montrose,CO,MST,-7,America/Denver,YES,,
MTM,Metlakatla,AK,,-9,America/Anchorage,YES,,
MTN,Baltimore,MD,EST,-5,America/New_York,YES,,
MTO,Mattoon,IL,CST,-6,America/Chicago,YES,,
MUE,Kamuela,HI,,-10,Pacific/Honolulu,NO,,
MUO,Mountain Home,ID,MST,-7,America/Denver,YES,,
MVL,Stowe,VT,EST,-5,America/New_York,YES,,
MVN,Mount Vernon,IL,CST,-6,America/Chicago,YES,,
MVW,Mount Vernon,WA,PST,-8,America/Los_Angeles,YES,,
MVY,Martha's Vineyard,MA,EST,-5,America/New_York,YES,,
MWA,Marion,IL,CST,-6,America/Chicago,YES,,
MWH,Moses Lake,WA,PST,-8,America/Los_Angeles,YES,,
MXY,McCarthy,AK,,-9,America/Anchorage,YES,,
MYK,May Creek,AK,,-9,America/Anchorage,YES,,
MYR,Myrtle Beach,SC,EST,-5,America/New_York,YES,,
MYU,Mekoryuk,AK,,-9,America/Anchorage,YES,,
MZJ,Marana,AZ,MST,-7,US/Arizona,NO,,
NCN,New Chenega,AK,,-9,America/Anchorage,YES,,
NEW,New Orleans,LA,CST,-6,America/Chicago,YES,,
NGF,Kaneohe Bay,HI,,-10,Pacific/Honolulu,NO,,
NGU,Norfolk,VA,EST,-5,America/New_York,YES,,
NIB,Nikolai,AK,,-9,America/Anchorage,YES,,
NIP,Jacksonville,FL,EST,-5,America/New_York,YES,,
NJK,El Centro,CA,PST,-8,America/Los_Angeles,YES,,
NKI,Naukiti,AK,,-9,America/Anchorage,YES,,
NKT,Cherry Point,NC,EST,-5,America/New_York,YES,,
NKX,San Diego,CA,PST,-8,America/Los_Angeles,YES,,
NLG,Nelson Lagoon,AK,,-9,America/Anchorage,YES,,
NME,Nightmute,AK,,-9,America/Anchorage,YES,,
NNK,Naknek,AK,,-9,America/Anchorage,YES,,
NNL,Nondalton,AK,,-9,America/Anchorage,YES,,
NPT,Newport,RI,EST,-5,America/New_York,YES,,
NQA,Memphis,TN,CST,-6,America/Chicago,YES,,
NQX,Key West,FL,EST,-5,America/New_York,YES,,
NUI,Nuiqsut,AK,,-9,America/Anchorage,YES,,
NUL,Nulato,AK,,-9,America/Anchorage,YES,,
NUP,Nunapitchuk,AK,,-9,America/Anchorage,YES,,
NZC,Jacksonville,FL,EST,-5,America/New_York,YES,,
NZY,San Diego,CA,PST,-8,America/Los_Angeles,YES,,
OAJ,Jacksonville,NC,EST,-5,America/New_York,YES,,
OAK,Oakland,CA,PST,-8,America/Los_Angeles,YES,,
OBU,Kobuk,AK,,-9,America/Anchorage,YES,,
OCF,Ocala,FL,EST,-5,America/New_York,YES,,
ODW,Oak Harbor,WA,PST,-8,America/Los_Angeles,YES,,
OFK,Norfolk,NE,CST,-6,America/Chicago,YES,,
OGD,Ogden,UT,MST,-7,America/Denver,YES,,
OGG,Kahului,HI,,-10,Pacific/Honolulu,NO,,
OGS,Ogdensburg,NY,EST,-5,America/New_York,YES,,
OKC,Oklahoma City,OK,CST,-6,America/Chicago,YES,,
OKK,Kokomo,IN,EST,-5,America/New_York,YES,,
OLF,Wolf Point,MT,MST,-7,America/Denver,YES,,
OLH,Old Harbor,AK,,-9,America/Anchorage,YES,,
OMA,Omaha,NE,CST,-6,America/Chicago,YES,,
OME,Nome,AK,,-9,America/Anchorage,YES,,
OMK,Omak,WA,PST,-8,America/Los_Angeles,YES,,
ONP,Newport,OR,PST,-8,America/Los_Angeles,YES,,
ONT,Ontario,CA,PST,-8,America/Los_Angeles,YES,,
OOK,Toksook Bay,AK,,-9,America/Anchorage,YES,,
OPF,Miami,FL,EST,-5,America/New_York,YES,,
OQQ,Point Alsworth,AK,,-9,America/Anchorage,YES,,
ORD,Chicago,IL,CST,-6,America/Chicago,YES,,
ORF,Norfolk,VA,EST,-5,America/New_York,YES,,
ORH,Worcester,MA,EST,-5,America/New_York,YES,,
ORI,Port Lions,AK,,-9,America/Anchorage,YES,,
ORT,Northway,AK,,-9,America/Anchorage,YES,,
ORV,Noorvik,AK,,-9,America/Anchorage,YES,,
OSC,Oscoda,MI,EST,-5,America/New_York,YES,,
OTH,North Bend,OR,PST,-8,America/Los_Angeles,YES,,
OTS,Anacortes,WA,PST,-8,America/Los_Angeles,YES,,
OTZ,Kotzebue,AK,,-9,America/Anchorage,YES,,
OWB,Owensboro,KY,CST,-6,America/Chicago,YES,,
OXC,Oxford,CT,EST,-5,America/New_York,YES,,
OXR,Oxnard,CA,PST,-8,America/Los_Angeles,YES,,
PA2,Bedford,PA,EST,-5,America/New_York,YES,,
PAE,Everett,WA,PST,-8,America/Los_Angeles,YES,,
PAH,Paducah,KY,CST,-6,America/Chicago,YES,,
PAM,Panama City,FL,CST,-6,America/Chicago,YES,,
PBG,Plattsburgh,NY,EST,-5,America/New_York,YES,,
PBI,West Palm Beach,FL,EST,-5,America/New_York,YES,,
PCA,Portage Creek,AK,,-9,America/Anchorage,YES,,
PDB,Pedro Bay,AK,,-9,America/Anchorage,YES,,
PDK,Atlanta,GA,EST,-5,America/New_York,YES,,
PDT,Pendleton,OR,PST,-8,America/Los_Angeles,YES,,
PDX,Portland,OR,PST,-8,America/Los_Angeles,YES,,
PEC,Pelican,AK,,-9,America/Anchorage,YES,,
PFN,Panama City,FL,CST,-6,America/Chicago,YES,,
PGA,Page,AZ,MST,-7,US/Arizona,NO,,
PGM,Port Graham,AK,,-9,America/Anchorage,YES,,
PGV,Pitt Greenville,NC,EST,-5,America/New_York,YES,,
PHF,Newport News,VA,EST,-5,America/New_York,YES,,
PHL,Philadelphia,PA,EST,-5,America/New_York,YES,,
PHN,Port Huron,MI,EST,-5,America/New_York,YES,,
PHO,Point Hope,AK,,-9,America/Anchorage,YES,,
PHX,Phoenix,AZ,MST,-7,US/Arizona,NO,,
PIA,Peoria,IL,CST,-6,America/Chicago,YES,,
PIB,Laurel,MS,CST,-6,America/Chicago,YES,,
PIE,Saint Petersburg,FL,EST,-5,America/New_York,YES,,
PIH,Pocatello,ID,MST,-7,America/Denver,YES,,
PIP,Pilot Point,AK,,-9,America/Anchorage,YES,,
PIR,Pierre,SD,CST,-6,America/Chicago,YES,,
PIT,Pittsburgh,PA,EST,-5,America/New_York,YES,,
PIZ,Point Lay,AK,,-9,America/Anchorage,YES,,
PKA,Napaskiak,AK,,-9,America/Anchorage,YES,,
PKB,Parkersburgh,WV,EST,-5,America/New_York,YES,,
PLB,Plattsburgh,NY,EST,-5,America/New_York,YES,,
PLN,Pellston,MI,EST,-5,America/New_York,YES,,
PMD,Palmdale,CA,PST,-8,America/Los_Angeles,YES,,
PML,Port Moller,AK,,-9,America/Anchorage,YES,,
PNE,Philadelphia,PA,EST,-5,America/New_York,YES,,
PNS,Pensacola,FL,CST,-6,America/Chicago,YES,,
POB,Fayetteville,NC,EST,-5,America/New_York,YES,,
PPC,Prospect Creek,AK,,-9,America/Anchorage,YES,,
PPG,Pago Pago,AS,,-11,Pacific/Samoa,NO,,
PPV,Port Protection,AK,,-9,America/Anchorage,YES,,
PQI,Presque Isle,ME,EST,-5,America/New_York,YES,,
PQS,Pilot Station,AK,,-9,America/Anchorage,YES,,
PRC,Prescott,AZ,MST,-7,US/Arizona,NO,,
PSC,Pasco,WA,PST,-8,America/Los_Angeles,YES,,
PSE,Ponce,PR,,-4,America/Puerto_Rico,NO,,
PSF,Pittsfield,MA,EST,-5,America/New_York,YES,,
PSG,Petersburg,AK,,-9,America/Anchorage,YES,,
PSM,Portsmouth,NH,EST,-5,America/New_York,YES,,
PSP,Palm Springs,CA,PST,-8,America/Los_Angeles,YES,,
PTA,Port Alsworth,AK,,-9,America/Anchorage,YES,,
PTD,Port Alexander,AK,,-9,America/Anchorage,YES,,
PTH,Port Heiden,AK,,-9,America/Anchorage,YES,,
PTK,Pontiac,MI,EST,-5,America/New_York,YES,,
PTU,Platinum,AK,,-9,America/Anchorage,YES,,
PTV,Porterville,CA,PST,-8,America/Los_Angeles,YES,,
PUB,Pueblo,CO,MST,-7,America/Denver,YES,,
PUW,Pullman,WA,PST,-8,America/Los_Angeles,YES,,
PVC,Provincetown,MA,EST,-5,America/New_York,YES,,
PVD,Providence,RI,EST,-5,America/New_York,YES,,
PVU,Provo,UT,MST,-7,America/Denver,YES,,
PVY,Pope Vanoy,AK,,-9,America/Anchorage,YES,,
PWK,Chicago,IL,CST,-6,America/Chicago,YES,,
PWM,Portland,ME,EST,-5,America/New_York,YES,,
QKV,Kona Village,HI,,-10,Pacific/Honolulu,NO,,
QQB,Keyes Point,AK,,-9,America/Anchorage,YES,,
RAP,Rapid City,SD,MST,-7,America/Denver,YES,,
RBG,Roseburg,OR,PST,-8,America/Los_Angeles,YES,,
RBY,Ruby,AK,,-9,America/Anchorage,YES,,
RCA,Rapid City,SD,MST,-7,America/Denver,YES,,
RCE,Roche Harbor,WA,PST,-8,America/Los_Angeles,YES,,
RDB,Red Dog,AK,,-9,America/Anchorage,YES,,
RDD,Redding,CA,PST,-8,America/Los_Angeles,YES,,
RDG,Reading,PA,EST,-5,America/New_York,YES,,
RDM,Redmond,OR,PST,-8,America/Los_Angeles,YES,,
RDU,Raleigh/Durham,NC,EST,-5,America/New_York,YES,,
RDV,Red Devil,AK,,-9,America/Anchorage,YES,,
RFD,Rockford,IL,CST,-6,America/Chicago,YES,,
RHI,Rhinelander,WI,CST,-6,America/Chicago,YES,,
RIC,Richmond,VA,EST,-5,America/New_York,YES,,
RIV,Riverside,CA,PST,-8,America/Los_Angeles,YES,,
RIW,Riverton,WY,MST,-7,America/Denver,YES,,
RKD,Rockland,ME,EST,-5,America/New_York,YES,,
RKS,Rock Springs,WY,MST,-7,America/Denver,YES,,
RME,Rome,NY,EST,-5,America/New_York,YES,,
RMP,Rampart,AK,,-9,America/Anchorage,YES,,
RNO,Reno,NV,PST,-8,America/Los_Angeles,YES,,
ROA,Roanoke,VA,EST,-5,America/New_York,YES,,
ROC,Rochester,NY,EST,-5,America/New_York,YES,,
ROP,Rota,MP,,10,Pacific/Saipan,NO,,
ROW,Roswell,NM,MST,-7,America/Denver,YES,,
RQI,Nixon Fork Mine,AK,,-9,America/Anchorage,YES,,
RQZ,Mary Esther,FL,CST,-6,America/Chicago,YES,,
RSH,Russian Mission,AK,,-9,America/Anchorage,YES,,
RSJ,Rosario,WA,PST,-8,America/Los_Angeles,YES,,
RST,Rochester,MN,CST,-6,America/Chicago,YES,,
RSW,Fort Myers,FL,EST,-5,America/New_York,YES,,
RUI,Ruidoso,NM,MST,-7,America/Denver,YES,,
RUT,Rutland,VT,EST,-5,America/New_York,YES,,
RWI,Rocky Mount/Wilson,NC,EST,-5,America/New_York,YES,,
SAF,Santa Fe,NM,MST,-7,America/Denver,YES,,
SAN,San Diego,CA,PST,-8,America/Los_Angeles,YES,,
SAT,San Antonio,TX,CST,-6,America/Chicago,YES,,
SAV,Savannah,GA,EST,-5,America/New_York,YES,,
SBA,Santa Barbara,CA,PST,-8,America/Los_Angeles,YES,,
SBN,South Bend,IN,EST,-5,America/New_York,YES,,
SBP,San Luis Obispo,CA,PST,-8,America/Los_Angeles,YES,,
SBY,Salisbury-Ocean City,MD,EST,-5,America/New_York,YES,,
SCC,Prudhoe Bay/Deadhorse,AK,,-9,America/Anchorage,YES,,
SCE,State College,PA,EST,-5,America/New_York,YES,,
SCH,Schenectady,NY,EST,-5,America/New_York,YES,,
SCK,Stockton,CA,PST,-8,America/Los_Angeles,YES,,
SCM,Scammon Bay,AK,,-9,America/Anchorage,YES,,
SDF,Louisville,KY,EST,-5,America/New_York,YES,,
SDM,San Diego,CA,PST,-8,America/Los_Angeles,YES,,
SDP,Sand Point,AK,,-9,America/Anchorage,YES,,
SDY,Sidney,MT,MST,-7,America/Denver,YES,,
SEA,Seattle,WA,PST,-8,America/Los_Angeles,YES,,
SFB,Orlando,FL,EST,-5,America/New_York,YES,,
SFO,San Francisco,CA,PST,-8,America/Los_Angeles,YES,,
SFZ,Smithfield,RI,EST,-5,America/New_York,YES,,
SGF,Springfield,MO,CST,-6,America/Chicago,YES,,
SGU,Saint George,UT,MST,-7,America/Denver,YES,,
SGY,Skagway,AK,,-9,America/Anchorage,YES,,
SHD,Staunton,VA,EST,-5,America/New_York,YES,,
SHG,Shungnak,AK,,-9,America/Anchorage,YES,,
SHH,Shishmaref,AK,,-9,America/Anchorage,YES,,
SHR,Sheridan,WY,MST,-7,America/Denver,YES,,
SHV,Shreveport,LA,CST,-6,America/Chicago,YES,,
SHX,Shageluk,AK,,-9,America/Anchorage,YES,,
SIG,San Juan,PR,,-4,America/Puerto_Rico,NO,,
SIT,Sitka,AK,,-9,America/Anchorage,YES,,
SJC,San Jose,CA,PST,-8,America/Los_Angeles,YES,,
SJT,San Angelo,TX,CST,-6,America/Chicago,YES,,
SJU,San Juan,PR,,-4,America/Puerto_Rico,NO,,
SKK,Shaktoolik,AK,,-9,America/Anchorage,YES,,
SKW,Skwentna,AK,,-9,America/Anchorage,YES,,
SLC,Salt Lake City,UT,MST,-7,America/Denver,YES,,
SLE,Salem,OR,PST,-8,America/Los_Angeles,YES,,
SLK,Saranac Lake,NY,EST,-5,America/New_York,YES,,
SLN,Salina,KS,CST,-6,America/Chicago,YES,,
SLQ,Sleetmute,AK,,-9,America/Anchorage,YES,,
SMF,Sacramento,CA,PST,-8,America/Los_Angeles,YES,,
SMK,Saint Michael,AK,,-9,America/Anchorage,YES,,
SMX,Santa Maria,CA,PST,-8,America/Los_Angeles,YES,,
SNA,Santa Ana,CA,PST,-8,America/Los_Angeles,YES,,
SNP,Saint Paul Island,AK,,-9,America/Anchorage,YES,,
SOP,Southern Pines,NC,EST,-5,America/New_York,YES,,
SOV,Seldovia,AK,,-9,America/Anchorage,YES,,
SOW,Show Low,AZ,MST,-7,US/Arizona,NO,,
SPB,Saint Thomas,VI,,-4,America/Virgin,NO,,
SPI,Springfield,IL,CST,-6,America/Chicago,YES,,
SPN,Saipan,MP,,10,Pacific/Saipan,NO,,
SPS,Wichita Falls,TX,CST,-6,America/Chicago,YES,,
SQV,Sequim,WA,PST,-8,America/Los_Angeles,YES,,
SRQ,Sarasota,FL,EST,-5,America/New_York,YES,,
SRV,Stony River,AK,,-9,America/Anchorage,YES,,
SSB,Saint Croix,VI,,-4,America/Virgin,NO,,
SSC,Sumter,SC,EST,-5,America/New_York,YES,,
STC,Saint Cloud,MN,CST,-6,America/Chicago,YES,,
STG,Saint George Island,AK,,-9,America/Anchorage,YES,,
STJ,Saint Joseph,MO,CST,-6,America/Chicago,YES,,
STL,Saint Louis,MO,CST,-6,America/Chicago,YES,,
STS,Santa Rosa,CA,PST,-8,America/Los_Angeles,YES,,
STT,Saint Thomas,VI,,-4,America/Virgin,NO,,
STX,Saint Croix,VI,,-4,America/Virgin,NO,,
SUA,Stuart,FL,EST,-5,America/New_York,YES,,
SUN,Sun Valley,ID,MST,-7,America/Denver,YES,,
SUS,Saint Louis,MO,CST,-6,America/Chicago,YES,,
SUU,Fairfield,CA,PST,-8,America/Los_Angeles,YES,,
SUX,Sioux City,IA,CST,-6,America/Chicago,YES,,
SVA,Savoonga,AK,,-9,America/Anchorage,YES,,
SVC,Silver City,NM,MST,-7,America/Denver,YES,,
SVN,Savannah,GA,EST,-5,America/New_York,YES,,
SVS,Stevens College,AK,,-9,America/Anchorage,YES,,
SVW,Sparrevohn,AK,,-9,America/Anchorage,YES,,
SWF,Newburgh,NY,EST,-5,America/New_York,YES,,
SWO,Stillwater,OK,CST,-6,America/Chicago,YES,,
SWW,Sweetwater,TX,CST,-6,America/Chicago,YES,,
SXP,Sheldon Point,AK,,-9,America/Anchorage,YES,,
SYB,Seal Bay,AK,,-9,America/Anchorage,YES,,
SYR,Syracuse,NY,EST,-5,America/New_York,YES,,
SZL,Warrensburg,MO,CST,-6,America/Chicago,YES,,
TAL,Tanana,AK,,-9,America/Anchorage,YES,,
TBN,Fort Leonard Wood,MO,CST,-6,America/Chicago,YES,,
TCL,Tuscaloosa,AL,CST,-6,America/Chicago,YES,,
TCM,Tacoma,WA,PST,-8,America/Los_Angeles,YES,,
TCT,Takotna,AK,,-9,America/Anchorage,YES,,
TDF,Roxboro,NC,EST,-5,America/New_York,YES,,
TEB,Teterboro,NJ,EST,-5,America/New_York,YES,,
TEK,Tatitlek,AK,,-9,America/Anchorage,YES,,
TEX,Telluride,CO,MST,-7,America/Denver,YES,,
THV,York,PA,EST,-5,America/New_York,YES,,
TIK,Oklahoma City,OK,CST,-6,America/Chicago,YES,,
TIQ,Tinian,MP,,10,Pacific/Saipan,NO,,
TKE,Tenakee Springs,AK,,-9,America/Anchorage,YES,,
TKJ,Tok,AK,,-9,America/Anchorage,YES,,
TLA,Teller,AK,,-9,America/Anchorage,YES,,
TLF,Telida,AK,,-9,America/Anchorage,YES,,
TLH,Tallahassee,FL,EST,-5,America/New_York,YES,,
TLJ,Tatalina,AK,,-9,America/Anchorage,YES,,
TLT,Tuluksak,AK,,-9,America/Anchorage,YES,,
TMB,Tamiami,FL,EST,-5,America/New_York,YES,,
TN2,Sparta,TN,CST,-6,America/Chicago,YES,,
TN6,Dyersburg,TN,CST,-6,America/Chicago,YES,,
TNC,Tin City,AK,,-9,America/Anchorage,YES,,
TNK,Tununak,AK,,-9,America/Anchorage,YES,,
TOG,Togiak Village,AK,,-9,America/Anchorage,YES,,
TOL,Toledo,OH,EST,-5,America/New_York,YES,,
TPA,Tampa,FL,EST,-5,America/New_York,YES,,
TRI,"Bristol, Johnson City/Kingsport","VA, TN",EST,-5,America/New_York,YES,,
TSP,Tehachapi,CA,PST,-8,America/Los_Angeles,YES,,
TSS,New York,NY,EST,-5,America/New_York,YES,,
TTN,Trenton,NJ,EST,-5,America/New_York,YES,,
TUL,Tulsa,OK,CST,-6,America/Chicago,YES,,
TUP,Tupelo,MS,CST,-6,America/New_York,YES,,
TUS,Tucson,AZ,MST,-7,US/Arizona,NO,,
TVC,Traverse City,MI,EST,-5,America/New_York,YES,,
TVF,Thief River Falls,MN,CST,-6,America/Chicago,YES,,
TWA,Twin Hills,AK,,-9,America/Anchorage,YES,,
TWF,Twin Falls,ID,MST,-7,America/Denver,YES,,
TXK,Texarkana,AR,CST,-6,America/Chicago,YES,,
TYE,Tyonek,AK,,-9,America/Anchorage,YES,,
TYR,Tyler,TX,CST,-6,America/Chicago,YES,,
TYS,Knoxville,TN,EST,-5,America/New_York,YES,,
UAM,Guam,GU,,10,Pacific/Guam,NO,,
UGB,Pilot Point,AK,,-9,America/Anchorage,YES,,
UGI,Uganik,AK,,-9,America/Anchorage,YES,,
UGS,Ugashik,AK,,-9,America/Anchorage,YES,,
UIN,Quincy,IL,CST,-6,America/Chicago,YES,,
UKI,Ukiah,CA,PST,-8,America/Los_Angeles,YES,,
UMT,Umiat,AK,,-9,America/Anchorage,YES,,
UNK,Unalakleet,AK,,-9,America/Anchorage,YES,,
UST,Saint Augustine,FL,EST,-5,America/New_York,YES,,
UTM,Tunica,MS,CST,-6,America/Chicago,YES,,
UTO,Utopia Creek,AK,,-9,America/Anchorage,YES,,
UUK,Kuparuk,AK,,-9,America/Anchorage,YES,,
UXO,Fitchburg,MA,EST,-5,America/New_York,YES,,
VAD,Valdosta,GA,EST,-5,America/New_York,YES,,
VAK,Chevak,AK,,-9,America/Anchorage,YES,,
VCT,Victoria,TX,CST,-6,America/Chicago,YES,,
VCV,Victorville,CA,PST,-8,America/Los_Angeles,YES,,
VDZ,Valdez,AK,,-9,America/Anchorage,YES,,
VEE,Venetie,AK,,-9,America/Anchorage,YES,,
VEL,Vernal,UT,MST,-7,America/Denver,YES,,
VIS,Visalia,CA,PST,-8,America/Los_Angeles,YES,,
VLD,Valdosta,GA,EST,-5,America/New_York,YES,,
VOK,Camp Douglas,WI,CST,-6,America/Chicago,YES,,
VPS,Valparaiso,FL,CST,-6,America/Chicago,YES,,
VPZ,Valparaiso,IN,CST,-6,America/Chicago,YES,,
VQS,Vieques,PR,,-4,America/Puerto_Rico,NO,,
VRB,Vero Beach,FL,EST,-5,America/New_York,YES,,
VWL,Bemidji,MN,CST,-6,America/Chicago,YES,,
WA4,Medical Lake,WA,PST,-8,America/Los_Angeles,YES,,
WAA,Wales,AK,,-9,America/Anchorage,YES,,
WBB,Stebbins,AK,,-9,America/Anchorage,YES,,
WBQ,Beaver,AK,,-9,America/Anchorage,YES,,
WBR,Big Rapids,MI,EST,-5,America/New_York,YES,,
WCR,Chandalar,AK,,-9,America/Anchorage,YES,,
WFB,Ketchikan,AK,,-9,America/Anchorage,YES,,
WHD,Hyder,AK,,-9,America/Anchorage,YES,,
WKK,Aleknagik,AK,,-9,America/Anchorage,YES,,
WLK,Selawik,AK,,-9,America/Anchorage,YES,,
WMO,White Mountain,AK,,-9,America/Anchorage,YES,,
WNA,Napakiak,AK,,-9,America/Anchorage,YES,,
WOW,Willow,AK,,-9,America/Anchorage,YES,,
WRB,Macon,GA,EST,-5,America/New_York,YES,,
WRG,Wrangell,AK,,-9,America/Anchorage,YES,,
WRI,Fort Dix,NJ,EST,-5,America/New_York,YES,,
WRL,Worland,WY,MST,-7,America/Denver,YES,,
WSN,South Naknek,AK,,-9,America/Anchorage,YES,,
WST,Westerly,RI,EST,-5,America/New_York,YES,,
WSX,Westsound,WA,PST,-8,America/Los_Angeles,YES,,
WTK,Noatak,AK,,-9,America/Anchorage,YES,,
WTL,Tuntutuliak,AK,,-9,America/Anchorage,YES,,
WVI,Watsonville,CA,PST,-8,America/Los_Angeles,YES,,
WWP,Whale Pass,AK,,-9,America/Anchorage,YES,,
WWT,Newtok,AK,,-9,America/Anchorage,YES,,
WYS,West Yellostone,MT,MST,-7,America/Denver,YES,,
XNA,Bentonville,AR,CST,-6,America/Chicago,YES,,
XWA,Granite Point,AK,,-9,America/Anchorage,YES,,
XWF,Jerome,ID,MST,-7,America/Denver,YES,,
XWL,Blackfoot,ID,MST,-7,America/Denver,YES,,
XXP,Lakeport,CA,PST,-8,America/Los_Angeles,YES,,
XXU,Ashland,OR,PST,-8,America/Los_Angeles,YES,,
XXV,Decatur Shores,WA,PST,-8,America/Los_Angeles,YES,,
YAK,Yakutat,AK,,-9,America/Anchorage,YES,,
YIP,Detroit,MI,EST,-5,America/New_York,YES,,
YKM,Yakima,WA,PST,-8,America/Los_Angeles,YES,,
YNG,Youngstown,OH,EST,-5,America/New_York,YES,,
YUM,Yuma,AZ,MST,-7,US/Arizona,NO,,
ZXH,Chomondely Sound,AK,,-9,America/Anchorage,YES,,
ZXK,Lancaster Cove,AK,,-9,America/Anchorage,YES,,
ZXT,Baku,AZ,MST,-7,US/Arizona,NO,,
